Image,Results
test_000,Paul
test_001,Emily
test_002,Bob
test_003,German
test_004,Emily
test_005,Gerry
test_006,Gerry
test_007,Ranil
test_008,Bill
test_009,Wang
test_010,Paul
test_011,Emily
test_012,Bob
test_013,German
test_014,Emily
test_015,Gerry
test_016,Gerry
test_017,Ranil
test_018,Bill
test_019,Wang
test_020,Paul
test_021,Emily
test_022,Bob
test_023,German
test_024,Emily
test_025,Gerry
test_026,Gerry
test_027,Ranil
test_028,Bill
test_029,Wang
test_030,Paul
test_031,Emily
test_032,Bob
test_033,German
test_034,Emily
test_035,Gerry
test_036,Gerry
test_037,Ranil
test_038,Bill
test_039,Wang
test_040,Paul
test_041,Emily
test_042,Bob
test_043,German
test_044,Emily
test_045,Gerry
test_046,Gerry
test_047,Ranil
test_048,Bill
test_049,Wang
test_050,Paul
test_051,Emily
test_052,Bob
test_053,German
test_054,Emily
test_055,Gerry
test_056,Gerry
test_057,Ranil
test_058,Bill
test_059,Wang
test_060,Paul
test_061,Emily
test_062,Bob
test_063,German
test_064,Emily
test_065,Gerry
test_066,Gerry
test_067,Ranil
test_068,Bill
test_069,Wang
test_070,Paul
test_071,Emily
test_072,Bob
test_073,German
test_074,Emily
test_075,Gerry
test_076,Gerry
test_077,Ranil
test_078,Bill
test_079,Wang
test_080,Paul
test_081,Emily
test_082,Bob
test_083,German
test_084,Emily
test_085,Gerry
test_086,Gerry
test_087,Ranil
test_088,Bill
test_089,Wang
test_090,Paul
test_091,Emily
test_092,Bob
test_093,German
test_094,Emily
test_095,Gerry
test_096,Gerry
test_097,Ranil
test_098,Bill
test_099,Wang
test_100,Paul
test_101,Emily
test_102,Bob
test_103,German
test_104,Emily
test_105,Gerry
test_106,Gerry
test_107,Ranil
test_108,Bill
test_109,Wang
test_110,Paul
test_111,Emily
test_112,Bob
test_113,German
test_114,Emily
test_115,Gerry
test_116,Gerry
test_117,Ranil
test_118,Bill
test_119,Wang
test_120,Paul
test_121,Emily
test_122,Bob
test_123,German
test_124,Emily
test_125,Gerry
test_126,Gerry
test_127,Ranil
test_128,Bill
test_129,Wang
test_130,Paul
test_131,Emily
test_132,Bob
test_133,German
test_134,Emily
test_135,Gerry
test_136,Gerry
test_137,Ranil
test_138,Bill
test_139,Wang
test_140,Paul
test_141,Emily
test_142,Bob
test_143,German
test_144,Emily
test_145,Gerry
test_146,Gerry
test_147,Ranil
test_148,Bill
test_149,Wang
test_150,Paul
test_151,Emily
test_152,Bob
test_153,German
test_154,Emily
test_155,Gerry
test_156,Gerry
test_157,Ranil
test_158,Bill
test_159,Wang
test_160,Paul
test_161,Emily
test_162,Bob
test_163,German
test_164,Emily
test_165,Gerry
test_166,Gerry
test_167,Ranil
test_168,Bill
test_169,Wang
test_170,Paul
test_171,Emily
test_172,Bob
test_173,German
test_174,Emily
test_175,Gerry
test_176,Gerry
test_177,Ranil
test_178,Bill
test_179,Wang
test_180,Paul
test_181,Emily
test_182,Bob
test_183,German
test_184,Emily
test_185,Gerry
test_186,Gerry
test_187,Ranil
test_188,Bill
test_189,Wang
test_190,Paul
test_191,Emily
test_192,Bob
test_193,German
test_194,Emily
test_195,Gerry
test_196,Gerry
test_197,Ranil
test_198,Bill
test_199,Wang
test_200,Paul
test_201,Emily
test_202,Bob
test_203,German
test_204,Emily
test_205,Gerry
test_206,Gerry
test_207,Ranil
test_208,Bill
test_209,Wang
test_210,Paul
test_211,Emily
test_212,Bob
test_213,German
test_214,Emily
test_215,Gerry
test_216,Gerry
test_217,Ranil
test_218,Bill
test_219,Wang
test_220,Paul
test_221,Emily
test_222,Bob
test_223,German
test_224,Emily
test_225,Gerry
test_226,Gerry
test_227,Ranil
test_228,Bill
test_229,Wang
test_230,Paul
test_231,Emily
test_232,Bob
test_233,German
test_234,Emily
test_235,Gerry
test_236,Gerry
test_237,Ranil
test_238,Bill
test_239,Wang
test_240,Paul
test_241,Emily
test_242,Bob
test_243,German
test_244,Emily
test_245,Gerry
test_246,Gerry
test_247,Ranil
test_248,Bill
test_249,Wang
test_250,Paul
test_251,Emily
test_252,Bob
test_253,German
test_254,Emily
test_255,Gerry
test_256,Gerry
test_257,Ranil
test_258,Bill
test_259,Wang
test_260,Paul
test_261,Emily
test_262,Bob
test_263,German
test_264,Emily
test_265,Gerry
test_266,Gerry
test_267,Ranil
test_268,Bill
test_269,Wang
test_270,Paul
test_271,Emily
test_272,Bob
test_273,German
test_274,Emily
test_275,Gerry
test_276,Gerry
test_277,Ranil
test_278,Bill
test_279,Wang
test_280,Paul
test_281,Emily
test_282,Bob
test_283,German
test_284,Emily
test_285,Gerry
test_286,Gerry
test_287,Ranil
test_288,Bill
test_289,Wang
test_290,Paul
test_291,Emily
test_292,Bob
test_293,German
test_294,Emily
test_295,Gerry
test_296,Gerry
test_297,Ranil
test_298,Bill
test_299,Wang
test_300,Paul
test_301,Emily
test_302,Bob
test_303,German
test_304,Emily
test_305,Gerry
test_306,Gerry
test_307,Ranil
test_308,Bill
test_309,Wang
test_310,Paul
test_311,Emily
test_312,Bob
test_313,German
test_314,Emily
test_315,Gerry
test_316,Gerry
test_317,Ranil
test_318,Bill
test_319,Wang
test_320,Paul
test_321,Emily
test_322,Bob
test_323,German
test_324,Emily
test_325,Gerry
test_326,Gerry
test_327,Ranil
test_328,Bill
test_329,Wang
test_330,Paul
test_331,Emily
test_332,Bob
test_333,German
test_334,Emily
test_335,Gerry
test_336,Gerry
test_337,Ranil
test_338,Bill
test_339,Wang
test_340,Paul
test_341,Emily
test_342,Bob
test_343,German
test_344,Emily
test_345,Gerry
test_346,Gerry
test_347,Ranil
test_348,Bill
test_349,Wang
test_350,Paul
test_351,Emily
test_352,Bob
test_353,German
test_354,Emily
test_355,Gerry
test_356,Gerry
test_357,Ranil
test_358,Bill
test_359,Wang
test_360,Paul
test_361,Emily
test_362,Bob
test_363,German
test_364,Emily
test_365,Gerry
test_366,Gerry
test_367,Ranil
test_368,Bill
test_369,Wang
test_370,Paul
test_371,Emily
test_372,Bob
test_373,German
test_374,Emily
test_375,Gerry
test_376,Gerry
test_377,Ranil
test_378,Bill
test_379,Wang
test_380,Paul
test_381,Emily
test_382,Bob
test_383,German
test_384,Emily
test_385,Gerry
test_386,Gerry
test_387,Ranil
test_388,Bill
test_389,Wang
test_390,Paul
test_391,Emily
test_392,Bob
test_393,German
test_394,Emily
test_395,Gerry
test_396,Gerry
test_397,Ranil
test_398,Bill
test_399,Wang
test_400,Paul
test_401,Emily
test_402,Bob
test_403,German
test_404,Emily
test_405,Gerry
test_406,Gerry
test_407,Ranil
test_408,Bill
test_409,Wang
test_410,Paul
test_411,Emily
test_412,Bob
test_413,German
test_414,Emily
test_415,Gerry
test_416,Gerry
test_417,Ranil
test_418,Bill
test_419,Wang
test_420,Paul
test_421,Emily
test_422,Bob
test_423,German
test_424,Emily
test_425,Gerry
test_426,Gerry
test_427,Ranil
test_428,Bill
test_429,Wang
test_430,Paul
test_431,Emily
test_432,Bob
test_433,German
test_434,Emily
test_435,Gerry
test_436,Gerry
test_437,Ranil
test_438,Bill
test_439,Wang
test_440,Paul
test_441,Emily
test_442,Bob
test_443,German
test_444,Emily
test_445,Gerry
test_446,Gerry
test_447,Ranil
test_448,Bill
test_449,Wang
test_450,Paul
test_451,Emily
test_452,Bob
test_453,German
test_454,Emily
test_455,Gerry
test_456,Gerry
test_457,Ranil
test_458,Bill
test_459,Wang
test_460,Paul
test_461,Emily
test_462,Bob
test_463,German
test_464,Emily
test_465,Gerry
test_466,Gerry
test_467,Ranil
test_468,Bill
test_469,Wang
test_470,Paul
test_471,Emily
test_472,Bob
test_473,German
test_474,Emily
test_475,Gerry
test_476,Gerry
test_477,Ranil
test_478,Bill
test_479,Wang
test_480,Paul
test_481,Emily
test_482,Bob
test_483,German
test_484,Emily
test_485,Gerry
test_486,Gerry
test_487,Ranil
test_488,Bill
test_489,Wang
test_490,Paul
test_491,Emily
test_492,Bob
test_493,German
test_494,Emily
test_495,Gerry
test_496,Gerry
test_497,Ranil
test_498,Bill
test_499,Wang
test_500,Paul
test_501,Emily
test_502,Bob
test_503,German
test_504,Emily
test_505,Gerry
test_506,Gerry
test_507,Ranil
test_508,Bill
test_509,Wang
test_510,Paul
test_511,Emily
test_512,Bob
test_513,German
test_514,Emily
test_515,Gerry
test_516,Gerry
test_517,Ranil
test_518,Bill
test_519,Wang
test_520,Paul
test_521,Emily
test_522,Bob
test_523,German
test_524,Emily
test_525,Gerry
test_526,Gerry
test_527,Ranil
test_528,Bill
test_529,Wang
test_530,Paul
test_531,Emily
test_532,Bob
test_533,German
test_534,Emily
test_535,Gerry
test_536,Gerry
test_537,Ranil
test_538,Bill
test_539,Wang
test_540,Paul
test_541,Emily
test_542,Bob
test_543,German
test_544,Emily
test_545,Gerry
test_546,Gerry
test_547,Ranil
test_548,Bill
test_549,Wang
test_550,Paul
test_551,Emily
test_552,Bob
test_553,German
test_554,Emily
test_555,Gerry
test_556,Gerry
test_557,Ranil
test_558,Bill
test_559,Wang
test_560,Paul
test_561,Emily
test_562,Bob
test_563,German
test_564,Emily
test_565,Gerry
test_566,Gerry
test_567,Ranil
test_568,Bill
test_569,Wang
test_570,Paul
test_571,Emily
test_572,Bob
test_573,German
test_574,Emily
test_575,Gerry
test_576,Gerry
test_577,Ranil
test_578,Bill
test_579,Wang
test_580,Paul
test_581,Emily
test_582,Bob
test_583,German
test_584,Emily
test_585,Gerry
test_586,Gerry
test_587,Ranil
test_588,Bill
test_589,Wang
test_590,Paul
test_591,Emily
test_592,Bob
test_593,German
test_594,Emily
test_595,Gerry
test_596,Gerry
test_597,Ranil
test_598,Bill
test_599,Wang
test_600,Paul
test_601,Emily
test_602,Bob
test_603,German
test_604,Emily
test_605,Gerry
test_606,Gerry
test_607,Ranil
test_608,Bill
test_609,Wang
test_610,Paul
test_611,Emily
test_612,Bob
test_613,German
test_614,Emily
test_615,Gerry
test_616,Gerry
test_617,Ranil
test_618,Bill
test_619,Wang
test_620,Paul
test_621,Emily
test_622,Bob
test_623,German
test_624,Emily
test_625,Gerry
test_626,Gerry
test_627,Ranil
test_628,Bill
test_629,Wang
test_630,Paul
test_631,Emily
test_632,Bob
test_633,German
test_634,Emily
test_635,Gerry
test_636,Gerry
test_637,Ranil
test_638,Bill
test_639,Wang
test_640,Paul
test_641,Emily
test_642,Bob
test_643,German
test_644,Emily
test_645,Gerry
test_646,Gerry
test_647,Ranil
test_648,Bill
test_649,Wang
test_650,Paul
test_651,Emily
test_652,Bob
test_653,German
test_654,Emily
test_655,Gerry
test_656,Gerry
test_657,Ranil
test_658,Bill
test_659,Wang
test_660,Paul
test_661,Emily
test_662,Bob
test_663,German
test_664,Emily
test_665,Gerry
test_666,Gerry
test_667,Ranil
test_668,Bill
test_669,Wang
test_670,Paul
test_671,Emily
test_672,Bob
test_673,German
test_674,Emily
test_675,Gerry
test_676,Gerry
test_677,Ranil
test_678,Bill
test_679,Wang
test_680,Paul
test_681,Emily
test_682,Bob
test_683,German
test_684,Emily
test_685,Gerry
test_686,Gerry
test_687,Ranil
test_688,Bill
test_689,Wang
test_690,Paul
test_691,Emily
test_692,Bob
test_693,German
test_694,Emily
test_695,Gerry
test_696,Gerry
test_697,Ranil
test_698,Bill
test_699,Wang
test_700,Paul
test_701,Emily
test_702,Bob
test_703,German
test_704,Emily
test_705,Gerry
test_706,Gerry
test_707,Ranil
test_708,Bill
test_709,Wang
test_710,Paul
test_711,Emily
test_712,Bob
test_713,German
test_714,Emily
test_715,Gerry
test_716,Gerry
test_717,Ranil
test_718,Bill
test_719,Wang
test_720,Paul
test_721,Emily
test_722,Bob
test_723,German
test_724,Emily
test_725,Gerry
test_726,Gerry
test_727,Ranil
test_728,Bill
test_729,Wang
test_730,Paul
test_731,Emily
test_732,Bob
test_733,German
test_734,Emily
test_735,Gerry
test_736,Gerry
test_737,Ranil
test_738,Bill
test_739,Wang
test_740,Paul
test_741,Emily
test_742,Bob
test_743,German
test_744,Emily
test_745,Gerry
test_746,Gerry
test_747,Ranil
test_748,Bill
test_749,Wang
test_750,Paul
test_751,Emily
test_752,Bob
test_753,German
test_754,Emily
test_755,Gerry
test_756,Gerry
test_757,Ranil
test_758,Bill
test_759,Wang
test_760,Paul
test_761,Emily
test_762,Bob
test_763,German
test_764,Emily
test_765,Gerry
test_766,Gerry
test_767,Ranil
test_768,Bill
test_769,Wang
test_770,Paul
test_771,Emily
test_772,Bob
test_773,German
test_774,Emily
test_775,Gerry
test_776,Gerry
test_777,Ranil
test_778,Bill
test_779,Wang
test_780,Paul
test_781,Emily
test_782,Bob
test_783,German
test_784,Emily
test_785,Gerry
test_786,Gerry
test_787,Ranil
test_788,Bill
test_789,Wang
test_790,Paul
test_791,Emily
test_792,Bob
test_793,German
test_794,Emily
test_795,Gerry
test_796,Gerry
test_797,Ranil
test_798,Bill
test_799,Wang
test_800,Paul
test_801,Emily
test_802,Bob
test_803,German
test_804,Emily
test_805,Gerry
test_806,Gerry
test_807,Ranil
test_808,Bill
test_809,Wang
test_810,Paul
test_811,Emily
test_812,Bob
test_813,German
test_814,Emily
test_815,Gerry
test_816,Gerry
test_817,Ranil
test_818,Bill
test_819,Wang
test_820,Paul
test_821,Emily
test_822,Bob
test_823,German
test_824,Emily
test_825,Gerry
test_826,Gerry
test_827,Ranil
test_828,Bill
test_829,Wang
test_830,Paul
test_831,Emily
test_832,Bob
test_833,German
test_834,Emily
test_835,Gerry
test_836,Gerry
test_837,Ranil
test_838,Bill
test_839,Wang
test_840,Paul
test_841,Emily
test_842,Bob
test_843,German
test_844,Emily
test_845,Gerry
test_846,Gerry
test_847,Ranil
test_848,Bill
test_849,Wang
test_850,Paul
test_851,Emily
test_852,Bob
test_853,German
test_854,Emily
test_855,Gerry
test_856,Gerry
test_857,Ranil
test_858,Bill
test_859,Wang
test_860,Paul
test_861,Emily
test_862,Bob
test_863,German
test_864,Emily
test_865,Gerry
test_866,Gerry
test_867,Ranil
test_868,Bill
test_869,Wang
test_870,Paul
test_871,Emily
test_872,Bob
test_873,German
test_874,Emily
test_875,Gerry
test_876,Gerry
test_877,Ranil
test_878,Bill
test_879,Wang
test_880,Paul
test_881,Emily
test_882,Bob
test_883,German
test_884,Emily
test_885,Gerry
test_886,Gerry
test_887,Ranil
test_888,Bill
test_889,Wang
test_890,Paul
test_891,Emily
test_892,Bob
test_893,German
test_894,Emily
test_895,Gerry
test_896,Gerry
test_897,Ranil
test_898,Bill
test_899,Wang
test_900,Paul
test_901,Emily
test_902,Bob
test_903,German
test_904,Emily
test_905,Gerry
test_906,Gerry
test_907,Ranil
test_908,Bill
test_909,Wang
test_910,Paul
test_911,Emily
test_912,Bob
test_913,German
test_914,Emily
test_915,Gerry
test_916,Gerry
test_917,Ranil
test_918,Bill
test_919,Wang
test_920,Paul
test_921,Emily
test_922,Bob
test_923,German
test_924,Emily
test_925,Gerry
test_926,Gerry
test_927,Ranil
test_928,Bill
test_929,Wang
test_930,Paul
test_931,Emily
test_932,Bob
test_933,German
test_934,Emily
test_935,Gerry
test_936,Gerry
test_937,Ranil
test_938,Bill
test_939,Wang
test_940,Paul
test_941,Emily
test_942,Bob
test_943,German
test_944,Emily
test_945,Gerry
test_946,Gerry
test_947,Ranil
test_948,Bill
test_949,Wang
test_950,Paul
test_951,Emily
test_952,Bob
test_953,German
test_954,Emily
test_955,Gerry
test_956,Gerry
test_957,Ranil
test_958,Bill
test_959,Wang
test_960,Paul
test_961,Emily
test_962,Bob
test_963,German
test_964,Emily
test_965,Gerry
test_966,Gerry
test_967,Ranil
test_968,Bill
test_969,Wang
test_970,Paul
test_971,Emily
test_972,Bob
test_973,German
test_974,Emily
test_975,Gerry
test_976,Gerry
test_977,Ranil
test_978,Bill
test_979,Wang
test_980,Paul
test_981,Emily
test_982,Bob
test_983,German
test_984,Emily
test_985,Gerry
test_986,Gerry
test_987,Ranil
test_988,Bill
test_989,Wang
test_990,Paul
test_991,Emily
test_992,Bob
test_993,German
test_994,Emily
test_995,Gerry
test_996,Gerry
test_997,Ranil
test_998,Bill
test_999,Wang
